created_at;id_str;full_text;quote_count;reply_count;retweet_count;favorite_count;lang;user_id_str;conversation_id_str;username;tweet_url
Thu Dec 14 23:11:03 +0000 2023;1735437274299658608;"Salam Bpk @ganjarpranowo dan Bpk @aniesbaswedan  Isu HAM hanya dijadikan komoditas politik untuk menyerang Bpk @prabowo  Salam #Gemoy #PrabowoGibran2024 https://t.co/aGnNmkbVMx";0;0;1;1;in;1125511939956756480;1735437274299658608;BadoetWong;https://twitter.com/BadoetWong/status/1735437274299658608
Thu Dec 14 23:05:16 +0000 2023;1735435815919267872;"Kenapa President Gusdur Megawati Sby Jkw ga Menghukum Bpk Prabowo kalo emang benar beliau bersalah. Gorengan HAM itu hanya ntuk komoditas politik semata. Salam #Gemoy âœŒ #PrabowoGibran2024 https://t.co/grDFWpkXcF";0;1;4;5;in;1125511939956756480;1735435815919267872;BadoetWong;https://twitter.com/BadoetWong/status/1735435815919267872
Thu Dec 14 23:00:42 +0000 2023;1735434667711672466;"Masa kalian mau dukung yg hanya pandai beretrorika Nol kerja? Masa kalian mau dukung yg tergantung ibu ketumnya?  Yg jelas 02 medan kerja sdh dikuasai dn mandiri g bisa diintervensi Salam #Gemoy âœŒ #PrabowoGibran2024 https://t.co/8XK9heVsHi";0;0;0;0;in;1125511939956756480;1735434667711672466;BadoetWong;https://twitter.com/BadoetWong/status/1735434667711672466
Thu Dec 14 22:37:58 +0000 2023;1735428947419259251;"Selamat pagi...ğŸ˜„ğŸ™ Semangat pagi pada semua tim kampanye capres manapun...ğŸ˜˜ğŸ™ Semangat pagi buat BuzzeRp capres...ğŸ˜…ğŸ™ Tetap semangat, hindari kampanye negatif apalagi info hoax ya Buzz ğŸ¤­ğŸ™ . . Saya tetap #PrabowoGibran2024 ğŸ«°âœŒï¸ğŸ‘ğŸ™ğŸ¥°ğŸ‡®ğŸ‡© https://t.co/Fe0qhAeM6p";0;0;0;1;in;714965442;1735428947419259251;ariefbudiawan7;https://twitter.com/ariefbudiawan7/status/1735428947419259251
Thu Dec 14 22:24:59 +0000 2023;1735425678919762227;"Berikut jadwal Anies Baswedan selama Desember 2023  #AMINAjaDulu  #AniesMuhaimin2024  #GanjarMahfud2024  #PrabowoGibran2024  #anies https://t.co/iKGyY4RNvK";0;0;0;0;in;1690697623140012032;1735425678919762227;aksakuncor40601;https://twitter.com/aksakuncor40601/status/1735425678919762227
Thu Dec 14 21:07:26 +0000 2023;1735406162747748385;"@drReUtari08 @prabowo @gibran_tweet Selamat jalan. Sukses selalu dan Februari #PrabowoGibran2024 Menang 1 putaran";0;1;0;2;in;1189039138835554304;1735385590592340400;BANGSAygSUJUD;https://twitter.com/BANGSAygSUJUD/status/1735406162747748385
Thu Dec 14 19:34:21 +0000 2023;1735382737018863713;"Sehat-Sehat Selalu Presidenku Pak @prabowo kebesaran jiwamu, keiklasanmu,  sikap kenegarawanan serta jiwa nasionalismu dpt menjadi contoh serta energi positif bagi kami yg mengharapkan indonesia dlm kebersatuan  #MemastikanRasaNyaman VisiPakbowo KeadilanYgPasti #PrabowoGibran2024 https://t.co/yK0ccmVoa8";0;1;3;5;in;426437287;1735382737018863713;Zero8ok;https://twitter.com/Zero8ok/status/1735382737018863713
Thu Dec 14 17:57:46 +0000 2023;1735358432969101526;"Buat mutual Gue, mungkin kali ini kita beda pandangan politiknya, jika mau unfoll Monggo, jika tidak, terima kasih. Pada dasarnya kita mungkin banyak kesamaan, dibanding ketidaksamaan. #PrabowoGibran2024  #kaliinisaja";0;0;0;0;in;22129482;1735358432969101526;HansiPenjaga;https://twitter.com/HansiPenjaga/status/1735358432969101526
Thu Dec 14 17:27:55 +0000 2023;1735350921989898472;"@SemenjanaPG @ganjarpranowo Inilah knp banyak #GenZ yg tdk respect dgn @ganjarpranowo yg diusung @PDI_Perjuangan dan @puanmaharani_ri   Krn #BuzzeRp yg dipakai tdk berkualitas ğŸ˜‚  #Santuy dikasih faktanya, ditinggal #JogetGemoy ğŸ•º #PrabowoGibran2024   #PrabowoNegarawanSejati  #PrabowoGibranIstimewa";0;0;0;0;in;1727919504469168128;1735108398323302872;JohnnyS2123;https://twitter.com/JohnnyS2123/status/1735350921989898472
Thu Dec 14 17:04:33 +0000 2023;1735345038773657905;"Kemarin gempa itu pertanda entah kapan jawa terbelah jadi dua sesuai wangsit jayabaya ring of fire aktif gunung selamet ambles jadi lautan trs kalian 01-03 pada nolak ikn. coblos ayah @prabowo @gibran_tweet @GibranRakabumi cc pakdhe @jokowi #PrabowoGibran2024 cc @Partono_ADjem https://t.co/NjyxwQmHz2";0;0;0;0;in;720593195562733570;1735345038773657905;anjares90;https://twitter.com/anjares90/status/1735345038773657905
Thu Dec 14 16:56:30 +0000 2023;1735343015261245617;"artikel lebih lengkap ğŸ‘‰https://t.co/I7go8RbqhO  #Patriotprabowo #prabowosangperekat #prabowosatria #prabowopresiden #prabowo2024 #prabowogibran #prabowogemoy #prabowogibran2024 #indonesiamaju #menujuindonesiaemas https://t.co/R6B4bbIDz4";0;0;0;0;in;1405916088;1735343015261245617;Wallustx;https://twitter.com/Wallustx/status/1735343015261245617
Thu Dec 14 16:14:52 +0000 2023;1735332536044405085;"Bila kita melihat hasil survei dari beberapa lembaga dan hasilnya memang elektabilitas #PrabowoGibran2024 paling unggul, logis jika akhirnya mereka bersatu untuk   MENGEROYOK PRABOWO  oleh: @PartaiSocmed https://t.co/uvrMrg1MCN";0;5;15;31;in;1699175276817821696;1735332536044405085;PapaBowoCenter;https://twitter.com/PapaBowoCenter/status/1735332536044405085
Thu Dec 14 16:06:43 +0000 2023;1735330486862643223;"Etika dan sopan santun telah kita lihat dari pasangan capres dan cawapres #PrabowoGibran2024 tdk SOMBONG pastinya #patriotprabowo #prabowosangperekat #prabowosatria #prabowo #prabowopresiden2024  #allinprabowo #prabowosubianto #Malam Gen Z #Andre #DebatCapres #Ahok  #KitaTantrum https://t.co/eG5Nzx5bc4";0;0;0;0;in;1421943163;1735330486862643223;RaisaGnesia;https://twitter.com/RaisaGnesia/status/1735330486862643223
Thu Dec 14 16:00:16 +0000 2023;1735328861368512863;"Cuman mas Gibran satu-satunya Cawapres yang terlihat nyata mau cobain starling (starbuck keliling).  Dengan konsisten mensuport para UMKM.  #patriotprabowo #prabowosangperekat #prabowosatria #prabowo #prabowopresiden2024 #prabowogibran2024 #Malam Gen Z #Andre #DebatCapres #Ahok https://t.co/IRxXwXyoAU";0;0;0;0;in;1421943163;1735328861368512863;RaisaGnesia;https://twitter.com/RaisaGnesia/status/1735328861368512863
Thu Dec 14 15:58:34 +0000 2023;1735328435546055010;"Menuju Indonesia Emas 2045, Prabowo-Gibran Bawa Program Prioritas untuk Sejahterakan Petani #PrabowoGibran2024 #RMOL https://t.co/OmR0z5Lgzn";0;3;0;0;in;990237626;1735328435546055010;rmol_id;https://twitter.com/rmol_id/status/1735328435546055010
Thu Dec 14 15:24:57 +0000 2023;1735319976947700210;"Mari bersatu semua Anak Bangsa Indonesia Rayakan pilpres dgn keceriaan riang Gembira dan Damai  Jangan lupa 14-FEBUARI 2024 COBLOS NO.02  #PrabowoGibran2024";1;18;13;42;in;1227499861580251136;1735319976947700210;Lembayung071;https://twitter.com/Lembayung071/status/1735319976947700210
Thu Dec 14 15:21:51 +0000 2023;1735319194206675275;"@msobri99 anda pemalsuan data boss. hidup bapakku @prabowo  dan @gibran_tweet.. #PrabowoGibran2024  #prabowosubianto  #PrabowoGibranIstimewa #partaisolidaritasindonesia";0;1;0;0;in;1721131104286265344;1735093862186758229;ahace805;https://twitter.com/ahace805/status/1735319194206675275
Thu Dec 14 15:21:27 +0000 2023;1735319093618901140;"Baru daftar aja udh di kasih jp main disini guys Link https://t.co/l7YFrjE1wJ  #Republikspin #pragmaticplay #Withdrawal #pilpresgembiraprogibs #PrabowoGibran2024 #indoviral #TrendingHot #indonesiaviral #fypviraltwitter #foryoupage #Reels #Twitter #TikTokAwards23ğŸ“· https://t.co/DnTAlUvVBs";0;0;0;3;in;1679788708432871424;1735319093618901140;Info_SlotJp;https://twitter.com/Info_SlotJp/status/1735319093618901140
Thu Dec 14 15:08:38 +0000 2023;1735315867582583001;"ISU HAM Lenyap saat itu &amp  Teringat Saat PKS Mendukung Walikota Solo Jokowi Isu PKI juga hilang. Tetapi Saat Berseberangan Jokowi difitnah PKI. Lalu apa Beda PDIP &amp  PKS? ğŸ˜Š  1 Pertanyaan. Apakah  GenZ dan Milenial tdk sanggup Melakukan Googling Data? #PrabowoGibran2024 #Gibran https://t.co/VsrufgaEWk";1;1;0;0;in;1296717077001064448;1735315867582583001;NkriLentera;https://twitter.com/NkriLentera/status/1735315867582583001
Thu Dec 14 14:55:00 +0000 2023;1735312437203578936;"Keren pak jokowiğŸ‘ğŸ» saya bangga dengan prestasi bapak untuk negara #TegakLurusBersamaJokowi #prabowogibran2024 #jokowidodopresidenkita #AllinPrabowoGibran #DebatCapresCawapres2024 https://t.co/f6mcekIpMm";0;0;0;1;in;1695671074602766336;1735312437203578936;demokrasisantun;https://twitter.com/demokrasisantun/status/1735312437203578936
Thu Dec 14 14:36:36 +0000 2023;1735307806323167490;"@PartaiSocmed KITA TIDAK PERLU RETORIKA!  KITA PERLU BUKTI DAN KERJA NYATA!  SEHAT SELALU PAK @prabowo  #PrabowoGibran2024   Retorika hanya pandai dalam merangkai kata2 saja ğŸ¤£";0;2;0;10;in;799791522661048320;1735301130782130269;leivramxy;https://twitter.com/leivramxy/status/1735307806323167490
Thu Dec 14 14:34:44 +0000 2023;1735307338306003078;"@Gerindra #PrabowoGibran2024 ayo menang cukup 1 putaran supaya bisa langsung gaspol lanjutkan kerja pak @jokowi untuk Indonesia Maju";0;0;0;0;in;925555289402650625;1735183625711403413;areksbye;https://twitter.com/areksbye/status/1735307338306003078
Thu Dec 14 14:30:39 +0000 2023;1735306311641022484;"Layaknya orang tua lainnya Gibran juga memastikan sang anak mampu membawa upah yang diperolehnya dan pulang dengan selamat  #PrabowoGibran2024 #BersamaIndonesiaMaju #PrabowoPresiden #MenataMasaDepan #PSGibranSemakinDiDepan #PrabowoJagoDebat #DebatRiangGembira #Tolakhoax #AntiHoax";0;0;0;0;in;1722586892871651328;1735306305387327764;Birucerah02;https://twitter.com/Birucerah02/status/1735306311641022484
Thu Dec 14 14:19:03 +0000 2023;1735303392422240642;"@kurawa #prabowogibran2024 ayo sukseskan pemilu CUKUP 1 PUTARAN supaya @prabowo @gibran_tweet  bisa gercep langsung melanjutkan kerja pak @jokowi untuk Indonesia Maju @geri";0;0;0;0;in;925555289402650625;1735275092400300214;areksbye;https://twitter.com/areksbye/status/1735303392422240642
Thu Dec 14 13:31:38 +0000 2023;1735291459069411839;"#ceritanya jejak digital ga bakal bohong, ampun dah ğŸ˜‚ #DebatPilpres #DebatPilpres2024 #anies #prabowo #ganjar #AniesMuhaimin2024 #PrabowoGibran2024 #GanjarMahfud2024 https://t.co/0LLfH02jeW";0;0;0;0;in;218442819;1735291459069411839;bigtolent;https://twitter.com/bigtolent/status/1735291459069411839
Thu Dec 14 13:26:00 +0000 2023;1735290039280812174;"Setelah melihat debat capres semalam jadi makin bingung milih siapaaa, semua kandidat ada kelemahan dan kelebihan masing2 #AniesMuhaimin2024 #PrabowoGibran2024  #GanjarMahfud2024";0;0;0;0;in;1214134534091890693;1735290039280812174;santiiiikp;https://twitter.com/santiiiikp/status/1735290039280812174
Thu Dec 14 13:21:54 +0000 2023;1735289008035639556;"Coba sebutkan Kebaikan dan manfaat dari menghina, mencaci, memaki, serta merendahkan orang lain.. ğŸ‘âœŒï¸ğŸ˜  Salam #PrabowoGibran2024";0;0;0;0;in;110623736;1735289008035639556;bungkhaidir;https://twitter.com/bungkhaidir/status/1735289008035639556
Thu Dec 14 13:21:14 +0000 2023;1735288842268430712;"@Lampung__01 Setuju. Beda pilihan capres itu biasa aja. Hari ini teman, besok lawan. Politik itu dinamis. Yang utama jaga persatuan. #PrabowoGibran2024";0;0;0;0;in;1603654839551922176;1735129120470929439;CheppyRosadi;https://twitter.com/CheppyRosadi/status/1735288842268430712
Thu Dec 14 13:19:26 +0000 2023;1735288389719777320;"Pak Ganjar sepertinya terlalu letih.  Baiknya segera tidur.   Jangan banyak mikir dulu pak. Santai mawon. Serahkan pilpres pd ahlinya #PrabowoGibran2024 ğŸ˜ğŸ¤­ğŸ˜ğŸ˜âœŒâœŒ";6;83;14;60;in;1189039138835554304;1735288389719777320;BANGSAygSUJUD;https://twitter.com/BANGSAygSUJUD/status/1735288389719777320
Thu Dec 14 13:14:52 +0000 2023;1735287237036957793;"Rakyat sebetulnya tdk bimbang atas pilihannya. Mrk hanya sungkan utk mengungkapkannya krn menghindari perdebatan. Di akar rumput, rakyat menghindari perdebatan serius tentang capres pilihan. Mereka membalutnya dengan guyonan yang diakhiri, semua sama baiknya #PrabowoGibran2024 https://t.co/Emchhu7VrB";0;0;0;1;in;1603654839551922176;1735287237036957793;CheppyRosadi;https://twitter.com/CheppyRosadi/status/1735287237036957793
Thu Dec 14 13:13:24 +0000 2023;1735286868944785707;"#Anies aja bilang Jangan mikir nama atau calon lain tetep #PrabowoGibran2024 pilihan paling pas https://t.co/yE38m7nAWi";0;0;0;0;in;1684601225743048704;1735286868944785707;Jen_syie;https://twitter.com/Jen_syie/status/1735286868944785707
Thu Dec 14 13:07:07 +0000 2023;1735285288333951019;"@MinmonPS7 @Papa_Brewook Rakyat yang diam itu bukannya ragu. Sebetulnya sudah punya pilihan yang sungkan diungkap karena enggan berdebat. #PrabowoGibran2024";0;0;0;0;in;1603654839551922176;1734740542985253022;CheppyRosadi;https://twitter.com/CheppyRosadi/status/1735285288333951019
Thu Dec 14 12:49:09 +0000 2023;1735280765548859555;"@LOVE_UM4M4 @jokowi Berarti dia secara kejiwaan sudah terganggu akibat elektabilitas #PrabowoGibran2024 melesat jauh sedang kan Ganjar terjun bebas.   Seperti anak kecil yg ngambek ngamuk pd orang tuanya dg harapan dapat perhatian ğŸ¤£  Kasian bocah kurang adab";0;10;1;18;in;1189039138835554304;1735269342374433205;BANGSAygSUJUD;https://twitter.com/BANGSAygSUJUD/status/1735280765548859555
Thu Dec 14 12:45:54 +0000 2023;1735279950838768094;"Info Slot Gacor hari ini Game : #gatesofolympus Total Jackpot : 5.264.805 Link Daftar : https://t.co/l7YFrjE1wJ  #Republikspin #Withdrawal #PrabowoGibran2024 #indoviral #TrendingHot #indonesiaviral #fypviraltwitter #foryoupage #Reels #Twitter #TikTokAwards23ğŸ“· #TikTokãƒ©ã‚¤ãƒ– #FYP https://t.co/ziDHoSrFyT";0;0;0;4;in;1679788708432871424;1735279950838768094;Info_SlotJp;https://twitter.com/Info_SlotJp/status/1735279950838768094
Thu Dec 14 12:38:16 +0000 2023;1735278028660605145;"Bismillah ya pak ğŸ™ğŸ™  #MenangBersamaRakyat #PemiluDamai #PrabowoGibran2024 https://t.co/QcvWWWlUIY";0;1;0;1;in;1604374111899488257;1735278028660605145;KupKupyang;https://twitter.com/KupKupyang/status/1735278028660605145
Thu Dec 14 12:38:02 +0000 2023;1735277971311862095;"Salam 2 jari, Salam kemenangan MENANG SATU PUTARAN, in sya ALLAH, Aamiin  #PrabowoGibran2024  #PrabowoGibranIstimewa";0;2;1;3;in;278461022;1735277971311862095;askencana;https://twitter.com/askencana/status/1735277971311862095
Thu Dec 14 12:22:33 +0000 2023;1735274071011786855;"@EffendiRistriy1 @Candj09 @bengkeldodo @blontankpoer @BANGSAygSUJUD @Bank_Joee_ @budibongg @Lembayung071 @jatmiko99604253 @islah_bahrawi @Kimberley_2024 Cebong kampret cinta ğŸ‡®ğŸ‡©, bersatu menjadi âœŒï¸  #PrabowoGibran2024  Lawan terang benderang si kadrun, yg abu2 ini gk jelas, awokawokawok";0;1;0;2;in;1717507546037313536;1735146927354986830;_NusantaraLand_;https://twitter.com/_NusantaraLand_/status/1735274071011786855
Thu Dec 14 12:10:50 +0000 2023;1735271122927845688;"Birokrasi yg efisien, profesional, dan berintegritas merupakan penunjang yg baik dalam kehidupan bermasyarakat  Digitalisasi dgn satu data terpadu dipastikan akan sangat membantu efisiensi &amp  kesatuan pengelolaan, serta pembinaan karier  #PrabowoGibran2024 @gibran_tweet @prabowo https://t.co/3H3EJch86T";0;1;0;0;in;322559270;1735271122927845688;Clara_Shinta99;https://twitter.com/Clara_Shinta99/status/1735271122927845688
Thu Dec 14 12:02:15 +0000 2023;1735268963872088465;"Mau tidak Mau, Suka Atau Tidak Suka Thread ini adalah Pandangan Rakyat.  Sepakat Dan Setuju...  #PrabowoGibran2024";0;1;0;1;in;876167894811369472;1735268963872088465;AP_MahendPutra;https://twitter.com/AP_MahendPutra/status/1735268963872088465
Thu Dec 14 11:35:51 +0000 2023;1735262319528251519;"Standing ini sih yang gw liat sampe berhenti makan dulu gw simak banget, Karena isinya yg menurut gw jelas padat nggak bertele-tele tentang permasalahan di Indonesia  Hormat saya pak prabowo  #prabowogibran2024 https://t.co/r7sQLL3sO5";0;1;0;0;in;432954215;1735262319528251519;remonditya;https://twitter.com/remonditya/status/1735262319528251519
Thu Dec 14 11:32:18 +0000 2023;1735261426288091301;"Jgn sirik sama kehebatan Prabowo ğŸ’ Setiap warga negara berhak utk jd presiden. Yg penting punya kwalitas utk memimpin NKRI dan Prabowo adalah pemimpin sejati âœŒï¸âœŒï¸ğŸ”¥ğŸ”¥ğŸ’¯ğŸ’¯  ALL IN PRABOWO GIBRAN âœŒï¸âœŒï¸ torang gas nomor 2  #PrabowoGibran2024 #PrabowoNegarawanSejati";0;1;0;0;in;827206066266046464;1735261426288091301;antika56893672;https://twitter.com/antika56893672/status/1735261426288091301
Thu Dec 14 11:31:03 +0000 2023;1735261111648407756;"Layaknya orang tua lainnya, Gibran juga ingin memastikan sang anak mampu membawa upah yang diperolehnya dan pulang dengan selamat  #PrabowoGibran2024 #BersamaIndonesiaMaju #PrabowoPresiden #MenataMasaDepan #PSGibranSemakinDiDepan #PrabowoJagoDebat #DebatRiangGembira";0;0;0;0;in;1722586892871651328;1735261102882337004;Birucerah02;https://twitter.com/Birucerah02/status/1735261111648407756
Thu Dec 14 11:28:38 +0000 2023;1735260502660387277;"Hati2 sama #bapakpolitikidentitas. Nanti bisa jualan agama lg keknya...  #PrabowoGibran2024 dan tim hrs mengantisipasi gerakan jualan agama.   #PrabowoNegarawanSejati âœŒï¸âœŒï¸ğŸ”¥ğŸ”¥ğŸ’¯ğŸ’¯ sukseskan nomor 2";0;1;0;0;in;827206066266046464;1735260502660387277;antika56893672;https://twitter.com/antika56893672/status/1735260502660387277
Thu Dec 14 11:26:23 +0000 2023;1735259937826369899;""Suara galak tapi santuy: Prabowo dalam #DebatCapres memberi fakta, bukan teori. Prabowo - Anies - Jokowi: Bukti bahwa demokrasi di Indonesia berjalan."  #prabowogibran2024 #menangbersamarakyat https://t.co/bVNzPvh0di";0;1;0;0;in;1721051691926323200;1735259937826369899;excaliburfifty;https://twitter.com/excaliburfifty/status/1735259937826369899
Thu Dec 14 11:20:08 +0000 2023;1735258365847380457;"Kita paham dan mengerti, mungkin orang yang susah mengerti bapak, makanya beliau banyak fitnahğŸ¤£ğŸ˜…ğŸ˜… Salam Persatuannâ€¼ï¸âœ¨âœ¨  #menangbersamarakyat  #prabowogemoy  #prabowogibran2024  #capres #prabowosubianto  #AniesMuhaimin2024  #WakandaNoMoreIndonesiaForever  #GanjarMahfud2024 https://t.co/LskdyLJGxr";0;1;0;0;in;1376410489;1735258365847380457;Kieve_;https://twitter.com/Kieve_/status/1735258365847380457
Thu Dec 14 11:15:04 +0000 2023;1735257089918857654;"aduh banyak yang berhianat ya hahah pokonya #PrabowoGibran2024 pemimpin indonesia";0;1;0;0;in;842914713461805056;1735257089918857654;Biamonteir98;https://twitter.com/Biamonteir98/status/1735257089918857654
Thu Dec 14 11:13:35 +0000 2023;1735256716097286612;"susilo bambang yudoyono juga tentara tapi gak diktaktor ya #PrabowoGibran2024 menangg.......";0;1;0;0;in;2149964964;1735256716097286612;BasicxRelatable;https://twitter.com/BasicxRelatable/status/1735256716097286612
Thu Dec 14 11:12:18 +0000 2023;1735256395761451364;"Aku yakin kader pasanagan pilpres 2024 nomor urut 2 #PrabowoGibran2024 memiliki visi yang jelas untuk pembangunan Indonesia.";0;0;0;0;in;4871555093;1735256395761451364;goirfgre;https://twitter.com/goirfgre/status/1735256395761451364
Thu Dec 14 11:12:17 +0000 2023;1735256390514483461;"siapapum presidennya tetap #PrabowoGibran2024 yang ku pilih";0;0;0;0;in;4833740152;1735256390514483461;maechajhojan2;https://twitter.com/maechajhojan2/status/1735256390514483461
Thu Dec 14 11:12:04 +0000 2023;1735256336550486029;"#Prabowo sebagai orang yang gigih dan pantang menyerah dalam mengejar tujuannya #patriotprabowo bismilah #PrabowoGibran2024 menang.";0;0;0;0;in;1620354248;1735256336550486029;savedaye46;https://twitter.com/savedaye46/status/1735256336550486029
Thu Dec 14 11:10:27 +0000 2023;1735255927224209805;"aduh banyak yang berhianat ya hahah pokonya #PrabowoGibran2024 pemimpin indonesia";0;1;0;0;in;1301663348;1735255927224209805;Racinha14;https://twitter.com/Racinha14/status/1735255927224209805
Thu Dec 14 11:10:11 +0000 2023;1735255861705023680;"#PrabowoGibran2024 pilihan terbaik dan berpengalaman dari pada yang lain gak pungya power";0;1;0;0;in;1684101152;1735255861705023680;nursalin37;https://twitter.com/nursalin37/status/1735255861705023680
Thu Dec 14 10:41:13 +0000 2023;1735248570369130584;"Pak Prabowo seorang Patriot, beliau hanya ingin Rakyat Indonesia bisa menikmati kekayaan Indonesia dengan program kongkret.  Mari kite ciptakan Pemilu Damai tidak memecah belah Persatuan &amp  Kesatuan untuk Indonesia Raya.  #PrabowoNegarawanSejati #PrabowoGibran2024 #Prabowo https://t.co/UnAVET8GdI";0;1;2;2;in;1717502796428435456;1735248570369130584;ilalangbuana_id;https://twitter.com/ilalangbuana_id/status/1735248570369130584
Thu Dec 14 10:18:00 +0000 2023;1735242727976288725;"Untuk mencapai cita- cita yang tinggi, kita juga harus saling mendukung dan bersatu untuk mengapai tujuan yang sama. Ayo dukung Hapri Sianturi untuk Kesehatan dan Pendidikan yang Berkualitas, bermutu, sehat, dan cerdas. #Pemilu #Pemilu2024 #gerindramenang #dprd #PrabowoGibran2024 https://t.co/77WtwNquX9";0;1;0;0;in;1676515858703855617;1735242727976288725;HapriSianturi;https://twitter.com/HapriSianturi/status/1735242727976288725
Thu Dec 14 10:07:19 +0000 2023;1735240040467578932;"@Miduk17 Saran saya, jgn pilih mantan Gabener DKI dan Gabener Jateng, mereka cuma jago bikin janji dan retorika, karena sama2 UGM yg memalukan. Mending pilih #PrabowoGibran2024";0;0;0;0;in;1599302289629806595;1735134337371353451;roading2474;https://twitter.com/roading2474/status/1735240040467578932
Thu Dec 14 10:01:29 +0000 2023;1735238572490518799;"Harusnya no.3 tanya sama calon wakilnya dong âœŒï¸ #airlanggahartarto #golkarindonesia #golkarprabowo #prabowogibran2024 #fyp #ham https://t.co/LpF8eCrJpN";0;1;1;0;in;1506277724234854404;1735238572490518799;relawan_2024;https://twitter.com/relawan_2024/status/1735238572490518799
Thu Dec 14 10:01:03 +0000 2023;1735238463296061664;"@M45Broo BIO NYA SIH NETRAL BUKAN BUZZER SIAPA2.. KOK NYENGGOL PASLON NO 2 TERUSS SI MASSEE awwwkwkwkkwwkkk salam 2 JARIğŸ¤£ğŸ¤ªâœŒğŸ»  #PrabowoGibran2024  #PrabowoGemoy";0;0;0;0;in;1725447284559888384;1735115587028918695;allowcin;https://twitter.com/allowcin/status/1735238463296061664
Thu Dec 14 09:57:18 +0000 2023;1735237519535636659;"@hariqosatria sikap tenang dan santai pak prabowo membuat dukungan lebih dari masyarakat #PrabowoGibran2024 #DebatCapres";0;1;0;1;in;1701168780;1735231514387132580;LeeB_ernard989;https://twitter.com/LeeB_ernard989/status/1735237519535636659
Thu Dec 14 09:53:56 +0000 2023;1735236671547859181;"@hariqosatria Prabowo gibran pantas memimpin negara ini dengan segudang prestasinya #menangbersamarakyat #PrabowoGibran2024";0;1;0;1;in;1702108190;1735231514387132580;KingG_erry728;https://twitter.com/KingG_erry728/status/1735236671547859181
Thu Dec 14 09:47:36 +0000 2023;1735235078668873799;"Info Slot Gacor hari ini Game : #gatesofolympus Total Jackpot : 5.264.805 Link Daftar : https://t.co/K9Q07AnUqk  #Republikspin #Withdrawal #PrabowoGibran2024 #indoviral #TrendingHot #indonesiaviral #fypviraltwitter #foryoupage #Reels #Twitter #TikTokAwards23 #TikTokãƒ©ã‚¤ãƒ– #FYP https://t.co/bZzbATmHfC";0;0;0;1;in;1511638192612528131;1735235078668873799;RepublikSpin;https://twitter.com/RepublikSpin/status/1735235078668873799
Thu Dec 14 09:45:55 +0000 2023;1735234656528978138;"KELIRU, Klaim Prabowo Bahwa Indonesia Akan Jadi Satu-satunya Negara di Dunia yang Mampu Hasilkan Biomassa #PrabowoGibran2024 #cekfakta #cekfaktatempo #cekfaktapolitisi  https://t.co/uCfZTLJHZw";0;0;0;0;in;1071987848054661120;1735234656528978138;tempocekfakta;https://twitter.com/tempocekfakta/status/1735234656528978138
Thu Dec 14 09:16:53 +0000 2023;1735227347295727671;"Apa kamu tidak merasa aneh, mereka jarang kampanye, mangkir debat terus tapi surveynya naik, itu yang jalan apa ya? Baliho? Apa Bansos?  #prabowogibran2024 https://t.co/Jn8sxAHP5V";0;0;0;0;in;1590516579438952448;1735227347295727671;evaelvi4;https://twitter.com/evaelvi4/status/1735227347295727671
Thu Dec 14 09:11:58 +0000 2023;1735226111771254959;"HBA, SAH, Bakri dan Al Haris Yakin Nian Prabowo - Gibran Menang Satu Putaran https://t.co/Wh6aVTyE2f #PrabowoGibran2024 #PrabowoGemoy";0;0;0;0;in;243951756;1735226111771254959;infojambidotcom;https://twitter.com/infojambidotcom/status/1735226111771254959
Thu Dec 14 09:10:47 +0000 2023;1735225812239180054;"Demokrat Tanggapi Performa Prabowo di Debat Capres: Mampu Tangkis Serangan  #PrabowoPalingTulus MasbowoGibran GakRetorika  #PrabowoSubianto  #GibranRakabuming  #PrabowoGibran2024   https://t.co/8IdVDUBSDe https://t.co/JdYownNKiP";0;2;8;22;in;886878090768424960;1735225812239180054;yosephrosario_;https://twitter.com/yosephrosario_/status/1735225812239180054
Thu Dec 14 09:08:12 +0000 2023;1735225162952536146;"Prabowo â€“ Gibran Menang Satu Putaran ? Ini Kata HBA, SAH, Bakri dan Al Harisâ€¦ https://t.co/9TA3VWXmV8 #PrabowoGibran2024 #PrabowoGemoy #prabowogibran @prabowogibran02 @prabowo";0;0;0;0;in;1704405165170954240;1735225162952536146;jambi_bro;https://twitter.com/jambi_bro/status/1735225162952536146
Thu Dec 14 09:07:31 +0000 2023;1735224991522894196;"Wahhh...ternyata Pak Jokowi punya panggilan akrab ke Pak Prabowo lho!!  #prabowo #gibran #prabowogibran2024 #mendingprabowo #terusmajubersamaprabowo #dekade08 #BersamaIndonesiaMaju #jokowi https://t.co/5BdJub4Ijp";2;16;18;62;in;1576913175227748352;1735224991522894196;dekade_08;https://twitter.com/dekade_08/status/1735224991522894196
Thu Dec 14 09:06:51 +0000 2023;1735224825084551494;"Sore  Tauladan itu bukan dari orang tua saja seperti kita menimba ilmu bukan dari guru formal  Etika dan sopan santun telah kita lihat dari pasangan capres dan cawapres #PrabowoGibran2024 tdk SOMBONG pastinya   https://t.co/Z6TJPOw136";7;15;22;57;in;1435248224634241030;1735224825084551494;PS_presiden2024;https://twitter.com/PS_presiden2024/status/1735224825084551494
Thu Dec 14 09:01:51 +0000 2023;1735223563165294800;"Bang Habib beberkan 4 fakta terkait isu HAM. Cek ada apa saja!  #prabowo #gibran #prabowogibran2024 #mendingprabowo #terusmajubersamaprabowo #dekade08 #BersamaIndonesiaMaju #isuham #habiburohkman https://t.co/IPHpT1Uphw";0;1;11;13;in;1576913175227748352;1735223563165294800;dekade_08;https://twitter.com/dekade_08/status/1735223563165294800
Thu Dec 14 08:44:56 +0000 2023;1735219309897711832;"Tidak semua orang berani mewakafkan dirinya untuk negaranya sendiri, saya salut pak @prabowo  #PemiluDamai #MenangBersamaRakyat #PrabowoGibran2024 https://t.co/lom6Ayryb3";0;0;0;0;in;1604374111899488257;1735219309897711832;KupKupyang;https://twitter.com/KupKupyang/status/1735219309897711832
Thu Dec 14 08:35:05 +0000 2023;1735216831089312022;"Yang nomor dua, pilihan tepat untuk anak muda  ğŸ”¥ğŸ¤©ğŸ”¥  PROJO MUDA Muda, Mengabdi, Mendunia  #projo #projomuda #setiadigarisrakyat #mudamengabdimendunia #satuputaranmenang  #projobersamajokowi  #2024prabowogibranlanjutkan #prabowogibran2024 #prabowogibran #prabowo #prabowosubianto https://t.co/Q6iTlloLPx";0;0;0;1;in;1713926272395689984;1735216831089312022;Projo_Muda;https://twitter.com/Projo_Muda/status/1735216831089312022
Thu Dec 14 08:35:02 +0000 2023;1735216815599726854;"@Kimberley_2024 Pokoke GaS PoL #PrabowoGibran2024 âœŒâœŒ";0;1;0;1;in;1189039138835554304;1735212077613195360;BANGSAygSUJUD;https://twitter.com/BANGSAygSUJUD/status/1735216815599726854
Thu Dec 14 08:30:54 +0000 2023;1735215777593294935;"Kehabisan ide buat nyerang paslon lain sampe kek gini, pilihan gua ga salah buat #PrabowoGibran2024";0;0;0;0;in;1248255233433546754;1735215777593294935;Imade_kun;https://twitter.com/Imade_kun/status/1735215777593294935
Thu Dec 14 08:23:57 +0000 2023;1735214025640923278;"Pilihan gw adalah hak gw, dan ini pilihan gw ...   Gassspoollll #PrabowoGibran2024 https://t.co/kisykvVkyZ";6;24;25;64;in;1446109632603115524;1735214025640923278;Bank_Joee_;https://twitter.com/Bank_Joee_/status/1735214025640923278
Thu Dec 14 08:09:26 +0000 2023;1735210373270429946;"@KompasTV Ada dua mantan Gabener yg nyapres, Anies &amp  Ganjar, Gabener gagal dlm pekerjaan nya, tapi ada Menhankam ex lawan politik @jokowi yg nyapres. @prabowo dan @prabowogibran02  yg akan saya dukung nanti 14Feb, karena Prabowo sudah belajar banyak dari wong ndeso.  #PrabowoGibran2024";0;0;0;6;in;1599302289629806595;1735163360914874834;roading2474;https://twitter.com/roading2474/status/1735210373270429946
Thu Dec 14 08:09:18 +0000 2023;1735210340546486597;"Prabowo Gibran Aku Tresno Panjenengan  #PrabowoGibran2024 https://t.co/4FYpVHjtVE";1;48;18;82;in;576755999;1735210340546486597;bengkeldodo;https://twitter.com/bengkeldodo/status/1735210340546486597
Thu Dec 14 08:06:49 +0000 2023;1735209716551397563;"PENGEN ASSET BANGSA MU DIJUAL OLEH GANJAR ?,  Seperti halnya Mega menjual Indosat, Tangker Pertamina, Pulau Natuna, Sipadan, Ligitan pd Asing ?  Hanya #PrabowoGibran2024  satu2nya nya paslon yg menjunjung tinggi PANCASILA &amp  UUD 45 pasal 33:3  Paslon Lain Anti Pancasila &amp  UUD'45 https://t.co/ns5IGhTiiS";16;154;93;182;in;1707296384347697152;1735209716551397563;icikiwir_08;https://twitter.com/icikiwir_08/status/1735209716551397563
Thu Dec 14 07:59:35 +0000 2023;1735207893400768563;"Laah wong orator silat lidah ngapain jg diladenin"capee kata #PrabowoGibranIstimewa  wayahe2 no tata kata karya nyata berbicara"waktunya move up menuju ms dpn NKRI maju berdauÄºat'tua&amp muda berkontribusi bersama #PrabowoGibran2024";0;0;0;0;in;1608276564386488326;1735207893400768563;NoMeycan;https://twitter.com/NoMeycan/status/1735207893400768563
Thu Dec 14 07:59:11 +0000 2023;1735207794494882137;"Full senyum lah klo di kasih beginian. Yakin gk mau bro? Buruan dah ğŸ‘‰ https://t.co/l7YFrjE1wJ  #Republikspin #pragmaticplay #Withdrawal #pilpresgembiraprogibs #PrabowoGibran2024 #indoviral #TrendingHot #indonesiaviral #fypviraltwitter #foryoupage #Reels #Twitter #TikTokAwards23 https://t.co/8ebzVS8hbI";0;0;0;3;in;1679788708432871424;1735207794494882137;Info_SlotJp;https://twitter.com/Info_SlotJp/status/1735207794494882137
Thu Dec 14 07:58:38 +0000 2023;1735207656095457714;"Memang lagi mumet mumetnya umur segitutuh Ganjar Pranowo  Setya Novanto  #HappyBirthdayTaylorSwift #PAKvAUS #PrabowoNegarawanSejati #PrabowoGibran2024  #HappyBirthdayTaylorSwift https://t.co/zjliu0CJK8";0;0;1;1;in;951817608860282882;1735207656095457714;DGaberner;https://twitter.com/DGaberner/status/1735207656095457714
Thu Dec 14 07:42:50 +0000 2023;1735203679274406229;"2024 wayahe @prabowo @gibran_tweet sudah mantap hati ini coblos setelah lihat debat #prabowogibran2024 @gerin";0;0;0;0;in;925555289402650625;1735203679274406229;areksbye;https://twitter.com/areksbye/status/1735203679274406229
Thu Dec 14 07:37:22 +0000 2023;1735202304834306239;"Anginnn ohhh anginnn  2 hari ini perut sakit gara gara angin.. ğŸ¤£ğŸ˜‚ğŸ˜…ğŸ˜†ğŸ˜† ketawa terus... Thanks anginn.. ğŸ˜…ğŸ˜‚ğŸ˜‚  #PrabowoGibran2024 #PrabowoNegarawanSejati #PilihanIndonesia https://t.co/dRsQtFECW5";0;0;1;1;in;217086556;1735202304834306239;kimung_hakem;https://twitter.com/kimung_hakem/status/1735202304834306239
Thu Dec 14 07:33:57 +0000 2023;1735201445081952358;"@Hilmi28 Makin mantap #PrabowoGibran2024";0;0;0;0;in;1603654839551922176;1734589231123824855;CheppyRosadi;https://twitter.com/CheppyRosadi/status/1735201445081952358
Thu Dec 14 07:33:48 +0000 2023;1735201407085760831;"Polling Pilpres 2024, pasangan mana menurut anda yang layak untuk dipilih memimpin Negara Kesatuan Republik Indonesia ? #UwritePoll #pilpres2024 #PollingPilpres  #AniesMuhaimin2024 #PrabowoGibran2024 #GanjarMahfud2024";0;0;1;4;in;1647104901380734976;1735201407085760831;uwriteid;https://twitter.com/uwriteid/status/1735201407085760831
Thu Dec 14 07:31:52 +0000 2023;1735200921272062084;"Kocak, Ganjar Pranowo sebuat Prabowo Subianto kurang piknik  #GanjarPranowo  #Prabowogemoy  #GanjarMahfud2024  #PrabowoGibran2024  #pupuklangka #DebatCapres  #DebatCapres2023   https://t.co/6utoaFlfpY";0;0;0;0;in;155933590;1735200921272062084;gwhaybro;https://twitter.com/gwhaybro/status/1735200921272062084
Thu Dec 14 07:27:57 +0000 2023;1735199933970743723;"Keren nih Petani di Madiun dukung #PrabowoGibran2024 yang punya perhatian lebih nasib petani..  PakbowoIkut MaunyaKita  #PrabowoPalingTulus MasbowoGibran GakRetorika https://t.co/gU5DbDdEpg";1;47;40;62;in;576755999;1735199933970743723;bengkeldodo;https://twitter.com/bengkeldodo/status/1735199933970743723
Thu Dec 14 07:26:53 +0000 2023;1735199668152435170;"Begini Lah Kalau Ga Nyimak Peraturan DebatğŸ¤£  #PrabowoPalingTulus MasbowoGibran GakRetorika  #PrabowoSubianto  #GibranRakabuming  #PrabowoGibran2024   @Ndons_Back @bengkeldodo @Royan_02 @Alie_Fahnoor @Kimberley_2024 @are_inismyname @99propaganda @BANGSAygSUJUD @KhoirilAnwar_â€¦ https://t.co/s0Duv4A3TO";0;1;6;10;in;886878090768424960;1735199668152435170;yosephrosario_;https://twitter.com/yosephrosario_/status/1735199668152435170
Thu Dec 14 07:25:08 +0000 2023;1735199227746418804;"Prabowo Subianto meresmikan komplek akademi Garudayaksa yang meliputi tujuh lapangan latihan, tempat tinggal atlet dan sport science  #PrabowoGibran2024 https://t.co/JznDYtkLFD";9;60;72;154;in;1289954556411969537;1735199227746418804;Ndons_Back;https://twitter.com/Ndons_Back/status/1735199227746418804
Thu Dec 14 07:19:41 +0000 2023;1735197852287307776;"TKN Fanta Prabowo-Gibran: Fanta Easy Hadir Wadahi "Healing" Anak Muda  https://t.co/18bmMY4fcw  #pemilu2024 #PrabowoGibran2024 #FantaEasy #pilpres2024 #kpu #Politik #PemiluIndonesia";0;0;0;0;in;1465529152136568833;1735197852287307776;officialntv_;https://twitter.com/officialntv_/status/1735197852287307776
Thu Dec 14 07:11:28 +0000 2023;1735195787347493237;"Nemu ini di tiktok lucu banget  Gak tau siapa yg buat, yg pasti dia kasih tau kalo jagoan bu Mega sebenarnya paslon bukan yg lain âœŒâœŒğŸ¤£ğŸ˜€ğŸ˜ğŸ˜  GaS makin kencang #PrabowoGibran2024 Menang 1 putaran. LUNAS https://t.co/qN08LwKS2o";4;47;43;115;in;1189039138835554304;1735195787347493237;BANGSAygSUJUD;https://twitter.com/BANGSAygSUJUD/status/1735195787347493237
Thu Dec 14 07:06:46 +0000 2023;1735194604163740068;"Elektabilitas Prabowo-Gibran Tertinggi, Litbang Kompas Tegaskan Tak Dibayar Kubu Manapun  #PrabowoPalingTulus MasbowoGibran GakRetorika  #PrabowoSubianto  #GibranRakabuming  #PrabowoGibran2024   JAKARTA, https://t.co/B5KlPYK9UP - Peneliti senior Litbang Kompas Bestian Nainggolanâ€¦ https://t.co/azOv8deRtn";0;1;8;11;in;886878090768424960;1735194604163740068;yosephrosario_;https://twitter.com/yosephrosario_/status/1735194604163740068
Thu Dec 14 07:06:31 +0000 2023;1735194540045389900;"@Fahrihamzah Oposisi adalah posisi yg terhormat itu? Mudah2an bukan cuma omong doang.  #PrabowoGibran2024";0;0;0;0;in;1603654839551922176;1735128980586696972;CheppyRosadi;https://twitter.com/CheppyRosadi/status/1735194540045389900
Thu Dec 14 07:04:51 +0000 2023;1735194119440605694;"https://t.co/TcrzNaE1XN Ayo Lho! PPATK Cium Bau Tak Sedap Dana Tambang Ilegal Mengucur Bakal Danai Kampenyeâ€¦ #wowo #AniesMuhaimin2024 #GanjarMahfud2024 #PrabowoGibran2024 #JAKI @ganjarpranowo @mohmahfudmd @aniesbaswedan @PPATK @ppid_ppatk";0;0;0;0;in;1507307226058223618;1735194119440605694;Jurnalpatroli_;https://twitter.com/Jurnalpatroli_/status/1735194119440605694
Thu Dec 14 07:04:47 +0000 2023;1735194104253014324;"@NdrewsTjan Insya Allah rakyat dukung Prabowo jadi Presiden RI 2024 #PrabowoGibran2024";0;0;0;0;in;1603654839551922176;1734600429164810285;CheppyRosadi;https://twitter.com/CheppyRosadi/status/1735194104253014324
Thu Dec 14 06:57:17 +0000 2023;1735192215687971024;"@are_inismyname @P4P4B0W0_2024 @Ndons_Back @bengkeldodo @BANGSAygSUJUD @florieliciouss @99propaganda @Bank_Joee_ @Alie_Fahnoor @G0mb4k @Kimberley_2024 Konsisten dengan pilihan. Gak peduli orang ngomong apa. Mereka yg dulu sebarisan kini menjadi pembenci tak pengaruhi cinta kami pada Prabowo.  #PrabowoGibran2024";0;1;0;0;in;1603654839551922176;1735137495191638134;CheppyRosadi;https://twitter.com/CheppyRosadi/status/1735192215687971024
Thu Dec 14 06:55:42 +0000 2023;1735191818520707445;"Prabowo sdh melakukan yg terbaik ğŸ’ Menjadi presiden itu anugerah Tuhan dan Tuhan yg akan memberkatinya. Sukses buat tim TKN   ALL IN PRABOWO GIBRAN  âœŒï¸âœŒï¸ğŸ”¥ğŸ”¥ğŸ’¯ğŸ’¯  #PrabowoGibran2024  #PrabowoNegarawanSejati  #PrabowoJagoDebat";0;0;1;1;in;827206066266046464;1735191818520707445;antika56893672;https://twitter.com/antika56893672/status/1735191818520707445
Thu Dec 14 06:51:55 +0000 2023;1735190865046548711;"@siompulandak Tambah GaSnya #PrabowoGibran2024";0;1;0;0;in;1189039138835554304;1735182040730124313;BANGSAygSUJUD;https://twitter.com/BANGSAygSUJUD/status/1735190865046548711
Thu Dec 14 06:51:48 +0000 2023;1735190837024452849;"pa @prabowo jd FENOMENAL cuuuuyy @gibran_tweet ğŸ¤˜ğŸ˜  #PrabowoGibran2024 #PrabowoGibranIstimewa  #PrabowoNegarawanSejati  https://t.co/AawBGicFVz";0;2;9;11;in;893384580014657536;1735190837024452849;4_devout;https://twitter.com/4_devout/status/1735190837024452849
Thu Dec 14 06:50:13 +0000 2023;1735190438074888230;"2 bulan lagi âœ #gemoy #demokrat #sby #ahy #PrabowoGibran2024 https://t.co/0u84udVPd0";0;0;0;0;in;1217677746249158659;1735190438074888230;dandirizki05;https://twitter.com/dandirizki05/status/1735190438074888230
Thu Dec 14 06:47:50 +0000 2023;1735189838985322829;"Anies itu munafik dan ngatur kata ğŸ˜‚tp tdk bisa kerja. Contoh di DKI tdk ada prestasi #bapakpolitikidentitas   ALL IN PRABOWO âœŒï¸âœŒï¸âœŒï¸ğŸ”¥ğŸ”¥ğŸ’¯ğŸ’¯ #PrabowoGibran2024";0;1;0;0;in;827206066266046464;1735189838985322829;antika56893672;https://twitter.com/antika56893672/status/1735189838985322829
Thu Dec 14 06:35:18 +0000 2023;1735186685116535216;"@Ary_pakeY Iya. Prabowo Presiden RI 2024.  #PrabowoGibran2024";0;0;0;0;in;1603654839551922176;1734823523473039465;CheppyRosadi;https://twitter.com/CheppyRosadi/status/1735186685116535216
Thu Dec 14 06:30:22 +0000 2023;1735185443367612640;"Ternyata Capresku #Prabowo ,  masih Joss Salam 2 jari âœŒï¸âœŒï¸ğŸ‡®ğŸ‡©ğŸ‡®ğŸ‡©ğŸ«°ğŸ«° #PrabowoNegarawanSejati  #PrabowoGibran2024 https://t.co/VpFbS5K5vY";4;105;30;159;in;1444206305057538052;1735185443367612640;NoviBudi78;https://twitter.com/NoviBudi78/status/1735185443367612640
Thu Dec 14 06:29:20 +0000 2023;1735185181181669555;"Bersama Prabowo-Gibran untuk Indonesia MajuâœŒğŸ¼  #prabowopresiden2024 #prabowogibran2024 #menangbersamarakyat  #prabowosubianto #gibranrakabumingraka https://t.co/CZ1PsBvG6u";0;0;0;0;in;1721513965019348992;1735185181181669555;Vioprames;https://twitter.com/Vioprames/status/1735185181181669555
Thu Dec 14 06:17:20 +0000 2023;1735182162247524809;"@HusinShihab Kami tetap pilih #PrabowoGibran2024 . ğŸ˜";0;0;0;0;in;1104005669638692865;1735164984357711939;ManggisBiring;https://twitter.com/ManggisBiring/status/1735182162247524809
Thu Dec 14 06:16:51 +0000 2023;1735182040730124313;"Semakin tinggi semakin merendah   Semakin dicintai semakin mencintai  Saat ada yg membenci, ia tetap mencintai  Saat ada yg memusuhi, ia justru merangkul  Namun jangan sekali-kali memusuhi negara jiwa korsanya bangkit, matipun ia siap  #PrabowoGibran2024 Solusi Indonesia âœŒğŸ‡²ğŸ‡¨ https://t.co/B3J7TGHyxb";0;12;11;28;in;1189039138835554304;1735182040730124313;BANGSAygSUJUD;https://twitter.com/BANGSAygSUJUD/status/1735182040730124313
Thu Dec 14 06:14:59 +0000 2023;1735181571068743969;"prabowo-gibran Indonesia maju âœŒï¸  #prabowogibran2024 #menangbersamarakyat https://t.co/aDhCKYydzF";0;1;0;0;in;1721051691926323200;1735181571068743969;excaliburfifty;https://twitter.com/excaliburfifty/status/1735181571068743969
Thu Dec 14 06:09:04 +0000 2023;1735180080786325607;"Quotes siang ini sambil maksi, istirahat buka TL ...   Biarkan saja ... Itu kata kunci nya  Semoga jari g nakal tetap fokus utk menghargai semua, susah memang tp harus dilakukan ... Sabar .... ğŸ˜‚ğŸ˜‚âœŒ  #PrabowoGibran2024 https://t.co/9yZD5t9Ws3";1;1;8;21;in;1446109632603115524;1735180080786325607;Bank_Joee_;https://twitter.com/Bank_Joee_/status/1735180080786325607
Thu Dec 14 06:07:37 +0000 2023;1735179717534425498;"Prabowo adalah manusia biasa bukan superman, stop lah kalau kematian seseorang hanya di jadikan bahan politisasi nggak etis   #PrabowoGibran2024 https://t.co/M9zdKdHcXY";0;0;0;0;in;432954215;1735179717534425498;remonditya;https://twitter.com/remonditya/status/1735179717534425498
Thu Dec 14 06:04:46 +0000 2023;1735178999377363083;"Anies temennya avatar pengendali angin Dan suka korupğŸ«¢ğŸ¤« #AniesMuhaimin2024 #AniesPresiden2024 #aniesbaswedan #omongkosong #Pemilu2024  #DebatCapres2023 #DebatCapres #angin #korupsi #80T #pembohong #jagomulut #GanjarMahfud2024 #PrabowoGibran2024 https://t.co/NrVjlAyD0p";0;0;0;0;in;1722679870755586048;1735178999377363083;tembakauhidup;https://twitter.com/tembakauhidup/status/1735178999377363083
Thu Dec 14 06:03:03 +0000 2023;1735178569964531846;"Anies temennya avatar pengendali angin Dan suka korupğŸ«¢ğŸ¤« #AniesMuhaimin2024 #AniesPresiden2024 #aniesbaswedan #omongkosong #Pemilu2024  #DebatCapres2023 #DebatCapres #angin #korupsi #80T #pembohong #jagomulut #GanjarMahfud2024 #PrabowoGibran2024 https://t.co/0YjlWKOjkC";0;0;0;0;in;1722298772414443520;1735178569964531846;uhuycinta3;https://twitter.com/uhuycinta3/status/1735178569964531846
Thu Dec 14 05:55:39 +0000 2023;1735176705483141392;"Kasihan Hasto tetep berharap Jokowi dukung Ganjar dan Ganjarlah penerus Jokowi #PrabowoNegarawanSejati  #PrabowoGibran2024  #PrabowoGemoy";0;0;0;0;in;1284518394880864256;1735176705483141392;bergeloralah;https://twitter.com/bergeloralah/status/1735176705483141392
Thu Dec 14 05:55:15 +0000 2023;1735176607596417459;"Anies : Beliau sendiri mengatakan bahwa 'Tidak Berada dalam Kekuasaan Membuat Tidak Bisa Berbisnis'  source: X / @imanLagi  #DebatCapres2023 #DebatCapres #Pilpres2024 #PemiluDamai2024 #PrabowoGibran2024 #AniesMuhaimin2024 #PemiluIndonesia https://t.co/MyN6nsmaU5";0;1;0;0;in;939083912575197186;1735176607596417459;moeslim_choice;https://twitter.com/moeslim_choice/status/1735176607596417459
Thu Dec 14 05:40:02 +0000 2023;1735172778444365980;"Simak dgn ht jernih, hadapi realitas tanpa hoax playing fictim jegal2 curang2 alibi kekalahan,Oke gass #PrabowoGibran2024 1putaran hemat energi&amp anggaran the end  lomba tata kata";0;0;3;4;in;1506138031429861378;1735172778444365980;cocolatetwo;https://twitter.com/cocolatetwo/status/1735172778444365980
Thu Dec 14 05:39:13 +0000 2023;1735172571820368134;"Bagaimana seorang pemimpin bisa merangkul. Pak Prabowo yang lebih senior bisa merangkul juniornya. Mas Gibran sebagai junior, menghormati seniornya. Politik yang indah. #PrabowoGibran2024 #PrabowoPalingTulus  https://t.co/W2avG0OUIv";1;0;0;1;in;291662709;1735172571820368134;GembiraJabar;https://twitter.com/GembiraJabar/status/1735172571820368134
Thu Dec 14 05:36:19 +0000 2023;1735171843089387759;"Huahaaa....tetangga sebelah pada kirim DM Spam sesuai arahan kakak Pembina....kasihan amat ya kalian kita jogedin aja ....ratusan akun masuk spam ....âœŒï¸âœŒï¸ğŸ«° #PrabowoGibran2024 https://t.co/kKBuauLQZS";0;2;3;15;in;1227499861580251136;1735171843089387759;Lembayung071;https://twitter.com/Lembayung071/status/1735171843089387759
Thu Dec 14 05:30:40 +0000 2023;1735170418628252143;"Semoga pak @prabowo dan mas @gibran_tweet menjadikan profesionalisme bluebird sebagai acuan ğŸ™‚ğŸ«°ğŸ¥°âœŒï¸ #PrabowoGibran2024";0;0;0;0;in;1610137865090109440;1735170418628252143;sangiranflying;https://twitter.com/sangiranflying/status/1735170418628252143
Thu Dec 14 05:28:59 +0000 2023;1735169997218230356;"Anies Janji Buka Kasus Kematian Harun Hingga Penembakan Laskar FPI, Pengamat: Sulit, Cuma Retorika https://t.co/Tq3vSGQv65 lewat @tribunnews #aniesbaswedan #PrabowoGibran2024 #prabowosubianto #GanjarMahfud2024 #Pilpres2024";0;0;0;0;in;1544145887290568705;1735169997218230356;WartaKota5;https://twitter.com/WartaKota5/status/1735169997218230356
Thu Dec 14 05:25:54 +0000 2023;1735169218587545869;"@HusinShihab Masyarakat sudah bosan melihat debat2 kusir politik yg 90% nya retorika dan omong kosong! Apapun analisanya pendukung jokowi ttp akan memilih #PrabowoGibran2024 ! Gak perlu janji dan gagasan2 baru. Yg sudah ada saja dilanjutkan dan disempurnakan!";0;0;0;0;in;1104005669638692865;1735114459595903305;ManggisBiring;https://twitter.com/ManggisBiring/status/1735169218587545869
Thu Dec 14 05:07:40 +0000 2023;1735164632590147597;"Beda era beda gaya,chususnya milenial genZ tdk terafiliasi dgn haters2 dumay"kobarkan semangat perubahan, waktunya berkontribusi dlm karya nyata utk Indonesia maju, abaikan gimmick2 profokasi,bersatu bersama #PrabowoGibran2024";0;0;0;0;in;1506138031429861378;1735164632590147597;cocolatetwo;https://twitter.com/cocolatetwo/status/1735164632590147597
Thu Dec 14 04:56:25 +0000 2023;1735161799958503444;"@Noy763164478823 @prabowo Congrats ya  juara paslon elo  âœŒğŸ¼âœŒğŸ¼ gue ttp pilih #PrabowoGibran2024";0;0;0;0;in;1695192728173187072;1734877026916634644;drReUtari08;https://twitter.com/drReUtari08/status/1735161799958503444
Thu Dec 14 04:51:31 +0000 2023;1735160565956530677;"Ini baru awal kedepannya akan lebih seru lagi  Politik identitas jual ayat dan mayat akan terulang lagi.  Saya kira capres nasdrem ini berubah, ternyata sama saja.  #PrabowoGibran2024 untuk menyatukan dan memajukan rakyat bangsa dan negara";0;0;0;1;in;1125548625096921088;1735160565956530677;arya__wiralodra;https://twitter.com/arya__wiralodra/status/1735160565956530677
Thu Dec 14 04:50:01 +0000 2023;1735160191199682827;"Hasil debat menang telak, @prabowo @gibran_tweet siap maju debat berikut nyağŸ¤— #PrabowoGibran2024 #PrabowoGibranIstimewa";0;0;0;0;in;1716150444035284992;1735160191199682827;adie09033684407;https://twitter.com/adie09033684407/status/1735160191199682827
Thu Dec 14 04:49:01 +0000 2023;1735159936672571430;"@the_ancha @gibran_tweet Heem biar tambah nyungsep, #PrabowoGibran2024 1 putaran aamiin";0;1;0;0;in;1524257936054185985;1735156790583755183;moon70_red;https://twitter.com/moon70_red/status/1735159936672571430
Thu Dec 14 04:47:31 +0000 2023;1735159558245675271;"@moon70_red @gibran_tweet Yuk yak yuk, tetap semangat perangin framing2 jahat.   #PrabowoGibran2024";0;1;0;0;in;980092775470325760;1735156790583755183;the_ancha;https://twitter.com/the_ancha/status/1735159558245675271
Thu Dec 14 04:44:23 +0000 2023;1735158771310264581;"@realnaw @CikDGA Wis koyo Prabowo ki aku, diserang kiwo tengen ğŸ¥² #PrabowoGibran2024";0;1;0;0;in;4912391450;1735103634587983959;BreakMaghribi;https://twitter.com/BreakMaghribi/status/1735158771310264581
Thu Dec 14 04:17:44 +0000 2023;1735152066325270673;"Juru Debat TKN Prabowo-Gibran, Budiman Sudjatmiko, menepis anggapan Prabowo emosional saat perhelatan debat capres perdana.   Budiman menceritakan Prabowo bahkan menolak saat disarankan 'tembak' capres lain. #PrabowoGibran2024 #PrabowoGemoy  https://t.co/gWelAhmVFB";0;0;0;0;in;833660292118757376;1735152066325270673;WartaNusaId;https://twitter.com/WartaNusaId/status/1735152066325270673
Thu Dec 14 04:17:12 +0000 2023;1735151929146151420;"Survei elektabilitas pasangan calon Ganjar-Mahfud dalam Survei Litbang Kompas menggambarkan dinamika politik di Jawa Tengah,  #Capres2024 #GanjarMahfud2024 #AnisMuhaimin2024 #PrabowoGibran2024 https://t.co/dKf27VhZ9I";0;0;0;0;in;1635146840055365634;1735151929146151420;SukunPutih15;https://twitter.com/SukunPutih15/status/1735151929146151420
Thu Dec 14 04:15:13 +0000 2023;1735151432104562728;"Debat Capres-Cawapres dalam rangka Pilpres 2024 menghadirkan momen menarik ketika Capres nomor urut 2,  #prabowo #PrabowoGibran2024 https://t.co/5lPUk3WqI4";0;0;0;0;in;1635146840055365634;1735151432104562728;SukunPutih15;https://twitter.com/SukunPutih15/status/1735151432104562728
Thu Dec 14 04:13:12 +0000 2023;1735150925915009199;"@Miduk17 Kedua lawan 02 tidak ada apa2 di banding prestasi pak prabowo @prabowo, bukan retorika semata.  #PrabowoGibran2024   âœŒğŸ½ğŸ‘†ğŸ½ https://t.co/OpNJ8WCuVU";0;1;1;1;in;980092775470325760;1735134337371353451;the_ancha;https://twitter.com/the_ancha/status/1735150925915009199
Thu Dec 14 03:54:05 +0000 2023;1735146112833753111;"@putri_Aalona #PrabowoGibran2024 semakin di hati â¤ğŸ’âœŒ";0;0;0;1;in;1189039138835554304;1735110174623539625;BANGSAygSUJUD;https://twitter.com/BANGSAygSUJUD/status/1735146112833753111
Thu Dec 14 03:26:44 +0000 2023;1735139230291267955;"guys, ada yang tahu gak sih dimana kita kalo mau tahu visi-misi para capres yang update dan valid? #DebatCapres #AniesMuhaimin2024 #PrabowoGibran2024 #GanjarMahfudMenang2024";0;0;0;0;in;376599428;1735139230291267955;dinadk_08;https://twitter.com/dinadk_08/status/1735139230291267955
Thu Dec 14 03:19:52 +0000 2023;1735137504171593934;"#PrabowoGibran2024 mungkin kalah dlm lomba silat lidah,tp tunggu dulu"cb adu Äºomba gagasan dlm karya nyata"terlihat terasakan bg mrk yg berhati jernih atas kemajuan bangsanya dlm pembangunan skill&amp SDM-pertahanan insfrastruktur plus kebijakan pemerintah Äµangka panjang.";0;0;0;1;in;1506138031429861378;1735137504171593934;cocolatetwo;https://twitter.com/cocolatetwo/status/1735137504171593934
Thu Dec 14 03:17:52 +0000 2023;1735136998216884227;"Bukan orang yang aktif di politik, bukan juga seorang influencer dengan follower berjuta-juta... Tapi setelah melihat ini, gak tau kenapa kepengen aja gitu buat share disini... #PrabowoGibran2024 #indonesiaemas #IndonesiaMaju https://t.co/czSO3ah9ZL";0;0;0;0;in;447902445;1735136998216884227;harist_one;https://twitter.com/harist_one/status/1735136998216884227
Thu Dec 14 02:19:13 +0000 2023;1735122239178330276;"@erikarlebang @kangdede78 Ini sih sdh menjurus ke fitnah MENANG SATU PUTARAN, In sya ALLAH  #PrabowoGibran2024";0;0;0;1;in;278461022;1735107968948130142;askencana;https://twitter.com/askencana/status/1735122239178330276
Thu Dec 14 02:13:53 +0000 2023;1735120898125132106;"Ini vidio yg nga di edit alias asli ya....ma tetangga sebelah di edit buat nyerang cah bagus @gibran_tweet sayang nya tak ngaruh tu ....kacian tambah nyungsep  SalamâœŒï¸âœŒï¸âœŒï¸ğŸ«° #PrabowoGibran2024";2;35;24;66;in;1227499861580251136;1735120898125132106;Lembayung071;https://twitter.com/Lembayung071/status/1735120898125132106
Thu Dec 14 02:10:26 +0000 2023;1735120027974828233;"ğŸ¥ºğŸ¥ºğŸ¥º bismillah #PrabowoGibran2024 presiden aamiin";0;1;1;6;in;1524257936054185985;1735120027974828233;moon70_red;https://twitter.com/moon70_red/status/1735120027974828233
Thu Dec 14 01:49:16 +0000 2023;1735114704027271442;"@tommyekox Pilihan ku tetap yg terbaik..ğŸ‘ğŸ‘  #PrabowoGibran2024";0;0;0;0;in;1722791788979830784;1733176692905296050;DlyRangga81042;https://twitter.com/DlyRangga81042/status/1735114704027271442
Thu Dec 14 01:45:37 +0000 2023;1735113783021043804;"@Next_PS08 @KhoirilAnwar_ @Alexemeru @Alie_Fahnoor @anaktermudaa @are_inismyname @florieliciouss @Kimberley_2024 @bengkeldodo @BANGSAygSUJUD @Teratai_08 prabowo paing layak pimpin Indonesia #PrabowoGibranIstimewa  #PrabowoGibran2024";0;0;0;1;in;278461022;1735099944074379734;askencana;https://twitter.com/askencana/status/1735113783021043804
Thu Dec 14 01:44:49 +0000 2023;1735113580905980408;"Relawan Gaspolll Bro Yogyakarta Akan Kampanyekan Prabowo-Gibran Door To Door   #TegasLugasGemoyYes Pakbowo EmangMumpuni  #PrabowoSubianto  #GibranRakabuming  #PrabowoGibran2024   Jakarta - Pasangan capres-cawapres Prabowo Subianto dan Gibran Rakabuming Raka mendapat dukungan dariâ€¦ https://t.co/gqNp1pGANv";0;2;12;33;in;886878090768424960;1735113580905980408;yosephrosario_;https://twitter.com/yosephrosario_/status/1735113580905980408
Thu Dec 14 01:19:29 +0000 2023;1735107205370888702;"Relawan Prabowo Ajak Masyarakat Pilih Pemimpin Berkualitas dan Disegani Dunia #PrabowoGibran2024 #RMOL https://t.co/ONZMHMI7ap";0;10;0;0;in;990237626;1735107205370888702;rmol_id;https://twitter.com/rmol_id/status/1735107205370888702
Thu Dec 14 01:07:11 +0000 2023;1735104111933341838;"Mlg teriak mlg, waktu membuktikan, manusia punya bs Allah punya kuasa" kebenaran temui jln sendiri,kekuasaan no abadi,pesta segera usai'musim kan berganti #PrabowoGibran2024 dlm karya nyata no tata kata&gt tiem AB&amp GP solid serang #Mypresident duta membuktikan,the end utk munafikun2";0;0;0;0;in;1506138031429861378;1735104111933341838;cocolatetwo;https://twitter.com/cocolatetwo/status/1735104111933341838
Thu Dec 14 01:02:39 +0000 2023;1735102971556540623;"@Gerindra TIDAK!! saya TDK akn berubah ttp #PrabowoGibran2024";0;0;0;0;in;1603628939125354497;1734575646376869974;Adhie_Mnoer;https://twitter.com/Adhie_Mnoer/status/1735102971556540623
Thu Dec 14 01:01:06 +0000 2023;1735102579938574537;"Alhamdulillah kaos sdh sampai di pangandaran tdk tahu nama desa nya ğŸ«° berbagi kaos yang kwalitas  bagus. Untuk relawan #PrabowoGibran .  Mohon maaf yg tdk kebagian ğŸ™  yg utama #PrabowoGibran2024  menang Aamiin https://t.co/IexjYP7Lif";3;21;18;76;in;1695192728173187072;1735102579938574537;drReUtari08;https://twitter.com/drReUtari08/status/1735102579938574537
Thu Dec 14 00:44:11 +0000 2023;1735098323697344741;"Banyak org?!! iyo opo iyoo sedari2014-2024 sapa mrk? Insyaallah pesta segera usai, musim kan berganti #PrabowoGibran2024 dlm karya nyata ms dpn bangsanya no tata kata";0;0;0;0;in;1506138031429861378;1735098323697344741;cocolatetwo;https://twitter.com/cocolatetwo/status/1735098323697344741
Thu Dec 14 00:41:17 +0000 2023;1735097592789561819;"Real Testimoni GKN Jahe Merah Premium  Order https://t.co/Mve4KdDsqZ  #herbal #irlandia #PrabowoGibran2024  #jahe #fruitdried #infusedwater https://t.co/hJi0P3GOjS";0;0;0;1;in;1570326311536820226;1735097592789561819;GKNjahemerah;https://twitter.com/GKNjahemerah/status/1735097592789561819
Thu Dec 14 00:38:59 +0000 2023;1735097016454410739;"Oke gas oke gass,move up menuju Indonesia maju bersatu bersama KIM&amp elemen bangsa siap menangkan #PrabowoGibran2024 sbg kemenangan rakyat dlm karya nyata,no orator ulung langgengkan kekuasaan tuan2 oligarki";0;0;0;2;in;1506138031429861378;1735097016454410739;cocolatetwo;https://twitter.com/cocolatetwo/status/1735097016454410739
Thu Dec 14 00:15:30 +0000 2023;1735091106688417863;"Halah2 perubahan drpd orator sutradara bohir yg sm solid lawan #Prabowo Alhamdulillah rakyat kebanyakan dh melek, sapa2 mlg teriak mlg ambisi langgeng kan kekuasaan via adu domba perpecahan TSM"waktunya kemenangan utk rakyat bersatu bersama #PrabowoGibran2024 emas2 tetaplah emas";0;1;0;1;in;1506138031429861378;1735091106688417863;cocolatetwo;https://twitter.com/cocolatetwo/status/1735091106688417863
Thu Dec 14 00:13:46 +0000 2023;1735090669381910573;"@alextham878 Naissss,, All in Rapatkan barisan untuk kemenangan #PrabowoGibran2024  ğŸ«°ğŸ«°âœŒï¸âœŒï¸";0;1;0;1;in;1629463625889873921;1735089307650756834;Haikal88651720;https://twitter.com/Haikal88651720/status/1735090669381910573
Thu Dec 14 00:06:16 +0000 2023;1735088780007383372;"Oke gass oke gass, milenial genZ plus elemen bangsa cinta NKRI,semangat bersatu dukung kemenangan  #Mypresident hadapi orator sutradara bohir yg sm sedari2014, waktunya move up utk kemenangan rakyat, hanya sengkuni piara perpecahan utk kemenangannya #PrabowoGibran2024";0;0;1;1;in;1506138031429861378;1735088780007383372;cocolatetwo;https://twitter.com/cocolatetwo/status/1735088780007383372
